{
  "hash": "163223cd",
  "browserHash": "585743bc",
  "optimized": {
    "@angular/core": {
      "src": "../../../../../node_modules/@angular/core/fesm2022/core.mjs",
      "file": "@angular_core.js",
      "fileHash": "4befc791",
      "needsInterop": false
    },
    "@angular/platform-browser": {
      "src": "../../../../../node_modules/@angular/platform-browser/fesm2022/platform-browser.mjs",
      "file": "@angular_platform-browser.js",
      "fileHash": "fa0dd4d7",
      "needsInterop": false
    },
    "@angular/router": {
      "src": "../../../../../node_modules/@angular/router/fesm2022/router.mjs",
      "file": "@angular_router.js",
      "fileHash": "0aa2369f",
      "needsInterop": false
    }
  },
  "chunks": {
    "chunk-A5TAOJH3": {
      "file": "chunk-A5TAOJH3.js"
    },
    "chunk-KOXGXC6M": {
      "file": "chunk-KOXGXC6M.js"
    }
  }
}